{
  "accuracy": [
    0.0005468750023283064,
    0.0011979166883975267,
    0.001927083358168602,
    0.003802083432674408,
    0.007083333563059568,
    0.010677083395421505,
    0.01406249962747097,
    0.01901041716337204,
    0.02229166589677334,
    0.027630208060145378,
    0.029713541269302368,
    0.034843750298023224,
    0.03877604007720947,
    0.04429687559604645,
    0.04906250163912773,
    0.05351562425494194,
    0.05846353992819786,
    0.06434895843267441,
    0.06992187350988388,
    0.0748177096247673,
    0.07976562529802322,
    0.08583333343267441,
    0.09213541448116302,
    0.09851562231779099,
    0.10322916507720947,
    0.10989583283662796,
    0.11466145515441895,
    0.12403646111488342,
    0.13242188096046448,
    0.13502603769302368,
    0.14421874284744263,
    0.1523958295583725,
    0.15781250596046448,
    0.16533854603767395,
    0.1743749976158142,
    0.17807291448116302,
    0.18059895932674408,
    0.1908072978258133,
    0.19968749582767487,
    0.20744791626930237,
    0.21286457777023315,
    0.22039061784744263,
    0.2245052009820938,
    0.232421875,
    0.23640625178813934,
    0.24656249582767487,
    0.2571614682674408,
    0.2617708444595337,
    0.2650781273841858,
    0.27401041984558105,
    0.2817968726158142,
    0.2867187559604645,
    0.29304686188697815,
    0.29664063453674316,
    0.3086458444595337,
    0.3134635388851166,
    0.3217187523841858,
    0.3284895718097687,
    0.3395051956176758,
    0.34281250834465027,
    0.3504948019981384,
    0.3523697853088379,
    0.3657812476158142,
    0.3652864694595337,
    0.3667968809604645,
    0.3773437440395355,
    0.3836718797683716,
    0.3878645896911621,
    0.3918229043483734,
    0.40156251192092896,
    0.40578123927116394,
    0.40742188692092896,
    0.4124218821525574,
    0.4234635531902313,
    0.4251822829246521,
    0.4352083206176758,
    0.4349479079246521,
    0.43682292103767395,
    0.44908854365348816,
    0.4482291638851166
  ],
  "loss": [
    7.959158420562744,
    7.417352676391602,
    7.032520294189453,
    6.649384498596191,
    6.287492275238037,
    5.9827494621276855,
    5.747525215148926,
    5.5699782371521,
    5.412333011627197,
    5.265979766845703,
    5.154351711273193,
    5.03673791885376,
    4.94809627532959,
    4.853700160980225,
    4.7651753425598145,
    4.686392784118652,
    4.610501766204834,
    4.526424884796143,
    4.464172840118408,
    4.391956329345703,
    4.334394454956055,
    4.269033432006836,
    4.206580638885498,
    4.1483964920043945,
    4.079573154449463,
    4.028510570526123,
    3.9782180786132812,
    3.922161102294922,
    3.859009265899658,
    3.807725429534912,
    3.758969783782959,
    3.706732988357544,
    3.6489598751068115,
    3.6046090126037598,
    3.5469412803649902,
    3.515289783477783,
    3.4636499881744385,
    3.4226009845733643,
    3.3693959712982178,
    3.3135626316070557,
    3.2777397632598877,
    3.231147289276123,
    3.202288866043091,
    3.157332181930542,
    3.116495370864868,
    3.0784454345703125,
    3.0302062034606934,
    2.9961628913879395,
    2.966057777404785,
    2.9261927604675293,
    2.8927202224731445,
    2.8622896671295166,
    2.817153215408325,
    2.7945706844329834,
    2.7533271312713623,
    2.7294249534606934,
    2.6861512660980225,
    2.6684794425964355,
    2.616454601287842,
    2.6061272621154785,
    2.561124801635742,
    2.5424978733062744,
    2.5049333572387695,
    2.4927823543548584,
    2.4723074436187744,
    2.436702013015747,
    2.4136087894439697,
    2.3879709243774414,
    2.3729562759399414,
    2.329712390899658,
    2.30745005607605,
    2.2921438217163086,
    2.282182216644287,
    2.2415852546691895,
    2.223397731781006,
    2.2032060623168945,
    2.1827919483184814,
    2.164835214614868,
    2.137375831604004,
    2.131395101547241
  ],
  "top5_accuracy": [
    0.0021875000093132257,
    0.004843750037252903,
    0.00937500037252903,
    0.018645834177732468,
    0.03265624865889549,
    0.048385415226221085,
    0.06502604484558105,
    0.07973958551883698,
    0.09585937857627869,
    0.11296875029802322,
    0.12828125059604645,
    0.14223958551883698,
    0.1567968726158142,
    0.17020833492279053,
    0.18335936963558197,
    0.20104166865348816,
    0.21507813036441803,
    0.2356249988079071,
    0.24502603709697723,
    0.2636197805404663,
    0.275286465883255,
    0.2867187559604645,
    0.2998177111148834,
    0.3166927099227905,
    0.3334375023841858,
    0.3482552170753479,
    0.3588281273841858,
    0.3719531297683716,
    0.38783854246139526,
    0.40091145038604736,
    0.4142187535762787,
    0.43015626072883606,
    0.4402083456516266,
    0.45104166865348816,
    0.46833333373069763,
    0.47604167461395264,
    0.48781248927116394,
    0.4970833361148834,
    0.5120312571525574,
    0.5248958468437195,
    0.5358333587646484,
    0.545703113079071,
    0.5502604246139526,
    0.5596354007720947,
    0.571692705154419,
    0.5812239646911621,
    0.5939843654632568,
    0.6039062738418579,
    0.6104166507720947,
    0.6202083230018616,
    0.6262760162353516,
    0.6359896063804626,
    0.6463021039962769,
    0.6487760543823242,
    0.6588281393051147,
    0.6663020849227905,
    0.6760677099227905,
    0.6784895658493042,
    0.6936979293823242,
    0.6941927075386047,
    0.7055468559265137,
    0.7078385353088379,
    0.7140364646911621,
    0.7186458110809326,
    0.7227604389190674,
    0.7291145920753479,
    0.7339062690734863,
    0.7422395944595337,
    0.7432812452316284,
    0.7549739480018616,
    0.7563020586967468,
    0.76192706823349,
    0.7637760639190674,
    0.7711718678474426,
    0.7716405987739563,
    0.7772395610809326,
    0.779296875,
    0.7864583134651184,
    0.7884114384651184,
    0.7888802289962769
  ],
  "val_accuracy": [
    0.0013541666558012366,
    0.0031250000465661287,
    0.004166666883975267,
    0.009583333507180214,
    0.015625,
    0.025833332911133766,
    0.03635416552424431,
    0.041875001043081284,
    0.045104168355464935,
    0.05624999850988388,
    0.06885416805744171,
    0.078125,
    0.08041666448116302,
    0.06875000149011612,
    0.11031249910593033,
    0.12312500178813934,
    0.12802083790302277,
    0.12843750417232513,
    0.14020833373069763,
    0.16052083671092987,
    0.16072916984558105,
    0.1862500011920929,
    0.1848958283662796,
    0.20604166388511658,
    0.22458332777023315,
    0.1993750035762787,
    0.25468748807907104,
    0.26645833253860474,
    0.23260416090488434,
    0.2601041793823242,
    0.3086458444595337,
    0.3023958206176758,
    0.30520832538604736,
    0.3177083432674408,
    0.3583333194255829,
    0.33375000953674316,
    0.3658333420753479,
    0.3538541793823242,
    0.38593751192092896,
    0.4026041626930237,
    0.37718749046325684,
    0.4089583456516266,
    0.3883333206176758,
    0.4140625,
    0.4520833194255829,
    0.4338541626930237,
    0.44718751311302185,
    0.429583340883255,
    0.4671874940395355,
    0.4294791519641876,
    0.484375,
    0.5094791650772095,
    0.5209375023841858,
    0.4989583194255829,
    0.5209375023841858,
    0.5277083516120911,
    0.5335416793823242,
    0.549791693687439,
    0.5670833587646484,
    0.5211458206176758,
    0.573437511920929,
    0.5929166674613953,
    0.5885416865348816,
    0.5979166626930237,
    0.6146875023841858,
    0.6067708134651184,
    0.5426041483879089,
    0.604895830154419,
    0.6290624737739563,
    0.6090624928474426,
    0.6429166793823242,
    0.6499999761581421,
    0.6556249856948853,
    0.6587499976158142,
    0.6457291841506958,
    0.6619791388511658,
    0.6825000047683716,
    0.690625011920929,
    0.6879166960716248,
    0.6870833039283752
  ],