{
  "accuracy": [
    0.0001302083401242271,
    0.00015624999650754035,
    0.00010416666918899864,
    5.208333459449932e-05,
    7.812499825377017e-05,
    0.00010416666918899864,
    0.0002604166802484542,
    0.00010416666918899864,
    0.0001302083401242271,
    2.604166729724966e-05,
    7.812499825377017e-05,
    7.812499825377017e-05,
    2.604166729724966e-05,
    0.00010416666918899864,
    7.812499825377017e-05,
    7.812499825377017e-05,
    0.00020833333837799728,
    0.0001302083401242271,
    0.0002604166802484542,
    0.0001822916674427688
  ],
  "loss": [
    8.015063285827637,
    8.01142406463623,
    8.010248184204102,
    8.009418487548828,
    8.008712768554688,
    8.008329391479492,
    8.00793743133545,
    8.007932662963867,
    8.007658004760742,
    8.007389068603516,
    8.006616592407227,
    8.006623268127441,
    8.006613731384277,
    8.006523132324219,
    8.006729125976562,
    8.006359100341797,
    8.006197929382324,
    8.006210327148438,
    8.005956649780273,
    8.005973815917969
  ],
  "top5_accuracy": [
    0.0005729166441597044,
    0.0006770833279006183,
    0.0004947916604578495,
    0.0005729166441597044,
    0.000442708347691223,
    0.000442708347691223,
    0.0007031250279396772,
    0.00046874998952262104,
    0.0004947916604578495,
    0.00041666667675599456,
    0.0004947916604578495,
    0.0006249999860301614,
    0.000442708347691223,
    0.0005989583441987634,
    0.0006770833279006183,
    0.0005729166441597044,
    0.000963541679084301,
    0.0006510416860692203,
    0.000885416695382446,
    0.0007291666697710752
  ],
  "val_accuracy": [
    0.0003124999930150807,
    0.0003124999930150807,
    0.0003124999930150807,
    0.0003124999930150807,
    0.0003124999930150807,
    0.0003124999930150807,
    0.0003124999930150807,
    0.0003124999930150807,
    0.0003124999930150807,
    0.0003124999930150807,
    0.0003124999930150807,
    0.0003124999930150807,
    0.0003124999930150807,
    0.0003124999930150807,
    0.0003124999930150807,
    0.0003124999930150807,
    0.0003124999930150807,
    0.0003124999930150807,
    0.0003124999930150807,
    0.0003124999930150807
  ],
  "val_loss": [
    8.01170825958252,
    8.010977745056152,
    8.0089693069458,
    8.008710861206055,
    8.00796890258789,
    8.010978698730469,
    8.01013469696045,
    8.00793170928955,
    8.213955879211426,
    8.011465072631836,
    8.011404991149902,
    8.108872413635254,
    8.141189575195312,
    8.129520416259766,
    8.059456825256348,
    8.01125717163086,
    8.013009071350098,
    8.014622688293457,
    8.057578086853027,
    8.01769733428955
  ],
  "val_top5_accuracy": [
    0.0015625000232830644,
    0.0015625000232830644,
    0.0015625000232830644,
    0.0015625000232830644,
    0.0015625000232830644,
    0.001770833390764892,
    0.0015625000232830644,
    0.0015625000232830644,
    0.0015625000232830644,
    0.0015625000232830644,
    0.0015625000232830644,
    0.0015625000232830644,
    0.0015625000232830644,
    0.0015625000232830644,
    0.0015625000232830644,
    0.0015625000232830644,
    0.0015625000232830644,
    0.0015625000232830644,
    0.0015625000232830644,
    0.0015625000232830644
  ],
  "learning_rate": [
    0.0010000000474974513,
    0.0010000000474974513,
    0.0010000000474974513,
    0.0010000000474974513,
    0.0010000000474974513,
    0.0010000000474974513,
    0.0010000000474974513,
    0.0010000000474974513,
    0.0010000000474974513,
    0.0010000000474974513,
    0.0005000000237487257,
    0.0005000000237487257,
    0.0005000000237487257,
    0.0005000000237487257,
    0.0005000000237487257,
    0.0002500000118743628,
    0.0002500000118743628,
    0.0002500000118743628,
    0.0002500000118743628,
    0.0002500000118743628
  ]
}