{
  "accuracy": [
    0.0001302083401242271,
    0.00010416666918899864,
    0.0001822916674427688,
    0.0001302083401242271,
    0.00015624999650754035,
    0.00020833333837799728,
    0.00023437499476131052,
    0.0001822916674427688,
    0.0002864583220798522,
    0.00023437499476131052,
    0.00023437499476131052,
    0.0002864583220798522,
    0.0003124999930150807,
    0.00020833333837799728,
    0.0002604166802484542,
    0.00033854166395030916,
    0.0004947916604578495,
    0.0003906250058207661,
    0.00041666667675599456,
    0.0004947916604578495,
    0.0005468750023283064,
    0.00046874998952262104,
    0.0004947916604578495,
    0.0007552083116024733,
    0.0008072916534729302,
    0.0015364583814516664,
    0.0021614583674818277,
    0.0031770833302289248,
    0.0031250000465661287,
    0.003984374925494194,
    0.0053906249813735485,
    0.007604166865348816,
    0.010598958469927311,
    0.012578125111758709,
    0.013619791716337204,
    0.014296875335276127,
    0.01656249910593033,
    0.018046874552965164,
    0.022057291120290756,
    0.027552083134651184,
    0.03270833194255829,
    0.03632812574505806,
    0.0416666679084301,
    0.04695312678813934,
    0.05171874910593033,
    0.05690104141831398,
    0.0618489570915699,
    0.07028646022081375,
    0.07518228888511658,
    0.0846875011920929,
    0.0923958346247673,
    0.09757812321186066,
    0.0969531238079071,
    0.10333333164453506,
    0.10895833373069763,
    0.11234375089406967,
    0.11580729484558105,
    0.12437500059604645,
    0.1269010454416275,
    0.13294270634651184,
    0.1374739557504654,
    0.1444791704416275,
    0.15000000596046448,
    0.15458333492279053,
    0.15518228709697723,
    0.1597135365009308,
    0.16278645396232605,
    0.1680208295583725,
    0.17223958671092987,
    0.17330728471279144,
    0.17351561784744263,
    0.1762760430574417,
    0.17994791269302368,
    0.1821874976158142,
    0.1811979115009308,
    0.1803385466337204,
    0.18442708253860474,
    0.18184895813465118,
    0.18322916328907013,
    0.18520833551883698
  ],
  "loss": [
    8.013686180114746,
    8.007869720458984,
    8.007603645324707,
    8.007278442382812,
    8.006932258605957,
    8.007043838500977,
    8.005581855773926,
    8.0054292678833,
    8.005154609680176,
    8.005154609680176,
    8.00538158416748,
    8.004591941833496,
    8.004677772521973,
    8.004718780517578,
    8.004884719848633,
    8.003751754760742,
    7.9625749588012695,
    7.9241623878479,
    7.904682636260986,
    7.88332986831665,
    7.86417818069458,
    7.816830158233643,
    7.709651470184326,
    7.636617660522461,
    7.481162071228027,
    7.294031620025635,
    7.121037483215332,
    7.011986255645752,
    6.939457416534424,
    6.862636566162109,
    6.720036029815674,
    6.586696624755859,
    6.473124027252197,
    6.38688325881958,
    6.318934917449951,
    6.256368160247803,
    6.186112880706787,
    6.109163761138916,
    6.021805286407471,
    5.884899616241455,
    5.741048336029053,
    5.639145851135254,
    5.5494842529296875,
    5.459935188293457,
    5.365203857421875,
    5.276534557342529,
    5.181188583374023,
    5.083035945892334,
    4.994927883148193,
    4.905455112457275,
    4.842907428741455,
    4.79051399230957,
    4.755011558532715,
    4.693258285522461,
    4.638604164123535,
    4.589700698852539,
    4.538867473602295,
    4.4862446784973145,
    4.41830587387085,
    4.379826068878174,
    4.311225414276123,
    4.2550811767578125,
    4.203948974609375,
    4.172188758850098,
    4.154186725616455,
    4.119073390960693,
    4.085770130157471,
    4.05321741104126,
    4.01799201965332,
    3.9977617263793945,
    3.9983468055725098,
    3.9754798412323,
    3.945887565612793,
    3.9375460147857666,
    3.9354419708251953,
    3.943582773208618,
    3.9112462997436523,
    3.9042813777923584,
    3.8930184841156006,
    3.8827617168426514
  ],
  "top5_accuracy": [
    0.000442708347691223,
    0.0007552083116024733,
    0.00046874998952262104,
    0.0007552083116024733,
    0.0006770833279006183,
    0.0007552083116024733,
    0.0007031250279396772,
    0.0007812500116415322,
    0.0008593749953433871,
    0.0006510416860692203,
    0.0007291666697710752,
    0.000989583320915699,
    0.0011197916464880109,
    0.0010416667209938169,
    0.0009374999790452421,
    0.0012239583302289248,
    0.0018229166744276881,
    0.002005208283662796,
    0.001953125,
    0.0022656249348074198,
    0.0022135416511446238,
    0.002291666576638818,
    0.0026302083861082792,
    0.0034895832650363445,
    0.004114583134651184,
    0.0074479165486991405,
    0.010312500409781933,
    0.012916666455566883,
    0.014843749813735485,
    0.01861979253590107,
    0.025572916492819786,
    0.03257812559604645,
    0.04130208492279053,
    0.04632812365889549,
    0.052161458879709244,
    0.05742187425494194,
    0.062031250447034836,
    0.06997396051883698,
    0.0781770870089531,
    0.09234374761581421,
    0.10830729454755783,
    0.12151041626930237,
    0.13239583373069763,
    0.14346353709697723,
    0.15518228709697723,
    0.1692187488079071,
    0.18184895813465118,
    0.19888021051883698,
    0.21046875417232513,
    0.23072916269302368,
    0.2408854216337204,
    0.24973958730697632,
    0.2541927099227905,
    0.26255208253860474,
    0.27585938572883606,
    0.28208333253860474,
    0.291015625,
    0.30276042222976685,
    0.31138020753860474,
    0.3180729150772095,
    0.3317187428474426,
    0.34518229961395264,
    0.35153645277023315,
    0.36234375834465027,
    0.36335936188697815,
    0.36835938692092896,
    0.37557291984558105,
    0.38093748688697815,
    0.38989582657814026,
    0.3901822865009308,
    0.39411458373069763,
    0.394427090883255,
    0.4011979103088379,
    0.40328124165534973,
    0.4049479067325592,
    0.40307292342185974,
    0.40973958373069763,
    0.41013020277023315,
    0.41117188334465027,
    0.4138020873069763
  ],