{
  "accuracy": [
    0.00033854166395030916,
    0.001145833288319409,
    0.001979166641831398,
    0.0042447918094694614,
    0.005859375,
    0.008750000037252903,
    0.012057291343808174,
    0.018671875819563866,
    0.02356770820915699,
    0.03200520947575569,
    0.03838541731238365,
    0.04554687440395355,
    0.052786458283662796,
    0.06421875208616257,
    0.07395832985639572,
    0.08359374850988388,
    0.09513020515441895,
    0.10223958641290665,
    0.11098958551883698,
    0.12450520694255829,
    0.13549479842185974,
    0.1466406285762787,
    0.15666666626930237,
    0.16697916388511658,
    0.1783333271741867,
    0.18822917342185974,
    0.19729167222976685,
    0.2068749964237213,
    0.23424479365348816,
    0.24046875536441803,
    0.24726562201976776,
    0.25208333134651184,
    0.2630729079246521,
    0.26664063334465027,
    0.2717968821525574,
    0.2742968797683716,
    0.2839062511920929,
    0.2899218797683716,
    0.2932812571525574,
    0.3038802146911621,
    0.30460938811302185,
    0.31171876192092896,
    0.31757813692092896,
    0.3177083432674408,
    0.3237239718437195,
    0.3287760317325592,
    0.33481770753860474,
    0.3408072888851166,
    0.34096354246139526,
    0.347760409116745,
    0.3548697829246521,
    0.34947916865348816,
    0.35880208015441895,
    0.3754947781562805,
    0.38403645157814026,
    0.38078126311302185,
    0.3897135555744171,
    0.3864062428474426,
    0.3927343785762787,
    0.3929166793823242,
    0.39585936069488525,
    0.39916667342185974,
    0.4003385305404663,
    0.40020832419395447,
    0.40622395277023315,
    0.4089062511920929,
    0.41453126072883606,
    0.4174218773841858,
    0.41713541746139526,
    0.42130208015441895,
    0.4182812571525574,
    0.42229166626930237,
    0.42255207896232605,
    0.4310416579246521,
    0.429583340883255,
    0.4261458218097687,
    0.4259895980358124,
    0.4288802146911621,
    0.4292968809604645,
    0.4316927194595337
  ],
  "loss": [
    7.973749160766602,
    7.583719730377197,
    7.157532691955566,
    6.797998905181885,
    6.5475568771362305,
    6.265598773956299,
    5.989720344543457,
    5.723947048187256,
    5.4805169105529785,
    5.289665699005127,
    5.129354476928711,
    4.963830471038818,
    4.814800262451172,
    4.657140254974365,
    4.544083118438721,
    4.414427280426025,
    4.29634428024292,
    4.211670398712158,
    4.113205909729004,
    3.980743885040283,
    3.9003279209136963,
    3.8248658180236816,
    3.7435977458953857,
    3.6569905281066895,
    3.5709309577941895,
    3.503328800201416,
    3.4671976566314697,
    3.395629644393921,
    3.253587007522583,
    3.193132162094116,
    3.160846471786499,
    3.123724937438965,
    3.0870907306671143,
    3.055983066558838,
    3.01658034324646,
    3.0042724609375,
    2.968616485595703,
    2.940849542617798,
    2.9018208980560303,
    2.8573861122131348,
    2.8460171222686768,
    2.811837673187256,
    2.7714507579803467,
    2.756941556930542,
    2.7448081970214844,
    2.7158796787261963,
    2.678812026977539,
    2.654845952987671,
    2.6503233909606934,
    2.6070566177368164,
    2.567003011703491,
    2.620192766189575,
    2.5447394847869873,
    2.4875850677490234,
    2.4603898525238037,
    2.446157455444336,
    2.4137983322143555,
    2.4201643466949463,
    2.4024665355682373,
    2.4005801677703857,
    2.384777069091797,
    2.369950532913208,
    2.362100601196289,
    2.3585853576660156,
    2.3431291580200195,
    2.3316571712493896,
    2.298598527908325,
    2.2910773754119873,
    2.289559841156006,
    2.274541139602661,
    2.2745702266693115,
    2.2645466327667236,
    2.257448673248291,
    2.2460153102874756,
    2.2550930976867676,
    2.2443788051605225,
    2.241898775100708,
    2.2255969047546387,
    2.2283263206481934,
    2.2180821895599365
  ],
  "val_accuracy": [
    0.00041666667675599456,
    0.0020833334419876337,
    0.0044791665859520435,
    0.009166666306555271,
    0.013645833358168602,
    0.01406249962747097,
    0.029791666194796562,
    0.0364583320915699,
    0.04333333298563957,
    0.05677083507180214,
    0.061250001192092896,
    0.07447917014360428,
    0.08645833283662796,
    0.07750000059604645,
    0.11104166507720947,
    0.10104166716337204,
    0.10322916507720947,
    0.1002083346247673,
    0.12125000357627869,
    0.12947916984558105,
    0.12489583343267441,
    0.13625000417232513,
    0.16968749463558197,
    0.16322916746139526,
    0.16604167222976685,
    0.17166666686534882,
    0.12197916954755783,
    0.16843749582767487,
    0.18302083015441895,
    0.18041667342185974,
    0.18572916090488434,
    0.1913541704416275,
    0.20541666448116302,
    0.19572916626930237,
    0.1915625035762787,
    0.18552082777023315,
    0.20239582657814026,
    0.21593749523162842,
    0.2199999988079071,
    0.23395833373069763,
    0.21875,
    0.2367708384990692,
    0.23104166984558105,
    0.24302083253860474,
    0.22947916388511658,
    0.22708334028720856,
    0.23802083730697632,
    0.26781249046325684,
    0.24124999344348907,
    0.22291666269302368,
    0.20135416090488434,
    0.2472916692495346,
    0.26229166984558105,
    0.27687498927116394,
    0.2670833468437195,
    0.28187501430511475,
    0.27000001072883606,
    0.2696875035762787,
    0.27802082896232605,
    0.2853125035762787,
    0.2929166555404663,
    0.2842708230018616,
    0.28177082538604736,
    0.2920833230018616,
    0.2862499952316284,
    0.2979166805744171,
    0.2903124988079071,
    0.28562501072883606,
    0.2822916805744171,
    0.3097916543483734,
    0.3186458349227905,
    0.304583340883255,
    0.3155208230018616,
    0.3121874928474426,
    0.3071874976158142,
    0.3187499940395355,
    0.296979159116745,
    0.31333333253860474,
    0.3219791650772095,
    0.31937500834465027
  ],
  "val_loss": [
    7.891332149505615,
    7.297178745269775,
    6.908761978149414,
    6.552228927612305,
    6.3042683601379395,
    6.195972919464111,
    5.810563564300537,
    5.632803440093994,
    5.5345282554626465,
    5.181012153625488,
    5.1872639656066895,
    5.093742370605469,
    4.788343906402588,
    4.861171245574951,
    4.6466593742370605,
    4.769530296325684,
    4.66393518447876,
    4.78213357925415,
    4.417564392089844,
    4.274047374725342,
    4.280216217041016,
    4.295842170715332,
    3.9796578884124756,
    4.043155670166016,
    4.03391170501709,
    4.017803192138672,
    4.410425186157227,
    4.211832046508789,
    4.046238422393799,
    4.06657075881958,
    4.024207592010498,
    3.967823028564453,
    3.8663322925567627,
    3.949455976486206,
    3.975173234939575,
    3.956075429916382,
    3.8992748260498047,
    3.840899705886841,
    3.8318872451782227,
    3.687415361404419,
    3.753403425216675,
    3.7180418968200684,
    3.7230184078216553,
    3.5784480571746826,
    3.779343605041504,
    3.823340654373169,
    3.6515300273895264,
    3.4577689170837402,
    3.608398914337158,
    3.8948612213134766,
    3.9893672466278076,
    3.5377731323242188,
    3.5301949977874756,
    3.4771976470947266,
    3.5165717601776123,
    3.430750846862793,
    3.500859260559082,
    3.4930806159973145,
    3.427266836166382,
    3.4561641216278076,
    3.3632681369781494,
    3.3978564739227295,
    3.4542737007141113,
    3.3956151008605957,
    3.433634042739868,
    3.3755531311035156,
    3.459681510925293,
    3.4504919052124023,
    3.508028268814087,
    3.30436372756958,
    3.2660140991210938,
    3.344184637069702,
    3.263511896133423,
    3.272371768951416,
    3.3638317584991455,
    3.3160383701324463,
    3.495166063308716,
    3.333054542541504,
    3.2929985523223877,
    3.293821096420288
  ],