{
  "accuracy": [
    0.0004947916604578495,
    0.0011718750465661287,
    0.004140624776482582,
    0.009322917088866234,
    0.012239583767950535,
    0.017343750223517418,
    0.019947916269302368,
    0.02382812462747097,
    0.029921874403953552,
    0.03372395783662796,
    0.03999999910593033,
    0.04218750074505806,
    0.048645831644535065,
    0.0533854179084301,
    0.05588541552424431,
    0.0631510391831398,
    0.06658854335546494,
    0.07065103948116302,
    0.08052083104848862,
    0.08231770992279053,
    0.08742187172174454,
    0.09075520932674408,
    0.09914062172174454,
    0.10515625029802322,
    0.10945312678813934,
    0.1171875,
    0.11911458522081375,
    0.12898437678813934,
    0.1321093738079071,
    0.14096353948116302,
    0.14752604067325592,
    0.15453125536441803,
    0.1590104103088379,
    0.1712760478258133,
    0.1775781214237213,
    0.18127603828907013,
    0.18651041388511658,
    0.19427083432674408,
    0.20229166746139526,
    0.21179687976837158,
    0.21643228828907013,
    0.22632811963558197,
    0.23065103590488434,
    0.2415364533662796,
    0.24908854067325592,
    0.255755215883255,
    0.2620052099227905,
    0.27291667461395264,
    0.27997395396232605,
    0.2842448055744171,
    0.2971875071525574,
    0.3037239611148834,
    0.3095051944255829,
    0.31572917103767395,
    0.32559895515441895,
    0.3281770944595337,
    0.34026041626930237,
    0.34593749046325684,
    0.3508593738079071,
    0.35880208015441895,
    0.36406248807907104,
    0.36835938692092896,
    0.37968748807907104,
    0.38414061069488525,
    0.3904166519641876,
    0.3967447876930237,
    0.4006770849227905,
    0.41164061427116394,
    0.420026034116745,
    0.4208854138851166,
    0.42846354842185974,
    0.4287760555744171,
    0.435651034116745,
    0.4368489682674408,
    0.4490624964237213,
    0.4533333480358124,
    0.45945313572883606,
    0.45945313572883606,
    0.46421873569488525,
    0.46791666746139526
  ],
  "loss": [
    7.839884281158447,
    7.301138401031494,
    6.757045745849609,
    6.213122367858887,
    5.84828519821167,
    5.592921733856201,
    5.396042823791504,
    5.253028392791748,
    5.120609760284424,
    5.007404804229736,
    4.896692752838135,
    4.791879653930664,
    4.700127601623535,
    4.6156229972839355,
    4.537075519561768,
    4.455953121185303,
    4.3966498374938965,
    4.324023723602295,
    4.25872278213501,
    4.196206092834473,
    4.13796854019165,
    4.085200786590576,
    4.026582717895508,
    3.9713692665100098,
    3.925539255142212,
    3.8650622367858887,
    3.823953866958618,
    3.757674217224121,
    3.7105534076690674,
    3.6604371070861816,
    3.618523359298706,
    3.575470447540283,
    3.5377426147460938,
    3.470834255218506,
    3.4398698806762695,
    3.381844997406006,
    3.354085922241211,
    3.3079993724823,
    3.269932270050049,
    3.222853660583496,
    3.1858108043670654,
    3.1358325481414795,
    3.0912673473358154,
    3.0494697093963623,
    3.0017218589782715,
    2.970914840698242,
    2.9375996589660645,
    2.9016826152801514,
    2.853299856185913,
    2.817708730697632,
    2.78059458732605,
    2.7495930194854736,
    2.715959072113037,
    2.68339467048645,
    2.6471107006073,
    2.6127233505249023,
    2.585710048675537,
    2.548818349838257,
    2.5243117809295654,
    2.4876327514648438,
    2.4606316089630127,
    2.426006555557251,
    2.393129587173462,
    2.374924898147583,
    2.3510982990264893,
    2.315178632736206,
    2.307374954223633,
    2.2739598751068115,
    2.24470853805542,
    2.209872245788574,
    2.2005553245544434,
    2.1792409420013428,
    2.151310443878174,
    2.1399924755096436,
    2.103849172592163,
    2.0899393558502197,
    2.0634539127349854,
    2.0545763969421387,
    2.0323493480682373,
    2.021268606185913
  ],
  "top5_accuracy": [
    0.002031249925494194,
    0.0054687499068677425,
    0.01953125,
    0.039505209773778915,
    0.05624999850988388,
    0.07325521111488342,
    0.0897916629910469,
    0.10489583015441895,
    0.12265624850988388,
    0.13984374701976776,
    0.1577083319425583,
    0.17044271528720856,
    0.1873958259820938,
    0.2023697942495346,
    0.21710938215255737,
    0.23283854126930237,
    0.24703125655651093,
    0.25979167222976685,
    0.2792447805404663,
    0.28979167342185974,
    0.3029947876930237,
    0.3160416781902313,
    0.3355729281902313,
    0.3463020920753479,
    0.3560677170753479,
    0.374895840883255,
    0.3850260376930237,
    0.3986458480358124,
    0.4104687571525574,
    0.42890626192092896,
    0.4358072876930237,
    0.44377604126930237,
    0.4586718678474426,
    0.4738541543483734,
    0.48359376192092896,
    0.4994531273841858,
    0.506640613079071,
    0.5185156464576721,
    0.5299999713897705,
    0.5405468940734863,
    0.5519791841506958,
    0.5682812333106995,
    0.577552080154419,
    0.5896875262260437,
    0.6027864813804626,
    0.6068750023841858,
    0.616614580154419,
    0.6284895539283752,
    0.6385416388511658,
    0.6471093893051147,
    0.6581249833106995,
    0.6637499928474426,
    0.6730989813804626,
    0.6822916865348816,
    0.6879947781562805,
    0.6995833516120911,
    0.70333331823349,
    0.7113021016120911,
    0.7154687643051147,
    0.7251562476158142,
    0.7318750023841858,
    0.7390364408493042,
    0.7473958134651184,
    0.7487239837646484,
    0.7552083134651184,
    0.7633072733879089,
    0.7649478912353516,
    0.7706770896911621,
    0.7749479413032532,
    0.7862499952316284,
    0.7853385210037231,
    0.7901301980018616,
    0.7963281273841858,
    0.796093761920929,
    0.8008072972297668,
    0.8057812452316284,
    0.8104426860809326,
    0.8116145730018616,
    0.815416693687439,
    0.8165885210037231
  ],
  "val_accuracy": [
    0.0007291666697710752,
    0.004166666883975267,
    0.011770833283662796,
    0.018645834177732468,
    0.029270833358168602,
    0.04062499850988388,
    0.050729166716337204,
    0.06333333253860474,
    0.06197916716337204,
    0.0845833346247673,
    0.10249999910593033,
    0.10875000059604645,
    0.12135417014360428,
    0.1315625011920929,
    0.14739583432674408,
    0.1602083295583725,
    0.17000000178813934,
    0.17770832777023315,
    0.18958333134651184,
    0.18052083253860474,
    0.20499999821186066,
    0.22843749821186066,
    0.22854167222976685,
    0.2475000023841858,
    0.26229166984558105,
    0.2680208384990692,
    0.2873958349227905,
    0.2997916638851166,
    0.29354166984558105,
    0.28031250834465027,
    0.32229167222976685,
    0.32635417580604553,
    0.3373958468437195,
    0.34416666626930237,
    0.36020833253860474,
    0.3552083373069763,
    0.38614583015441895,
    0.4072916805744171,
    0.4155208468437195,
    0.43406251072883606,
    0.45354166626930237,
    0.4261458218097687,
    0.46781250834465027,
    0.48614582419395447,
    0.48520833253860474,
    0.5014583468437195,
    0.503125011920929,
    0.528124988079071,
    0.5022916793823242,
    0.526354193687439,
    0.5169791579246521,
    0.5565624833106995,
    0.5625,
    0.5672916769981384,
    0.5773958563804626,
    0.5740625262260437,
    0.5901041626930237,
    0.5991666913032532,
    0.5981249809265137,
    0.6180208325386047,
    0.62520831823349,
    0.6263541579246521,
    0.6364583373069763,
    0.6478124856948853,
    0.6440625190734863,
    0.6454166769981384,
    0.6530208587646484,
    0.6592708230018616,
    0.6629166603088379,
    0.6590625047683716,
    0.6523958444595337,
    0.684583306312561,
    0.6806250214576721,
    0.6938541531562805,
    0.6942708492279053,
    0.6696875095367432,
    0.7049999833106995,
    0.7026041746139526,
    0.7115625143051147,
    0.7070833444595337
  ],