{
  "accuracy": [
    0.0003906250058207661,
    0.0009374999790452421,
    0.0027604165952652693,
    0.004687500186264515,
    0.008411458693444729,
    0.012708333320915699,
    0.01679687574505806,
    0.021770833060145378,
    0.02604166604578495,
    0.030546875670552254,
    0.03356770798563957,
    0.040026042610406876,
    0.04283853992819786,
    0.05000000074505806,
    0.05471354350447655,
    0.060755208134651184,
    0.06747395545244217,
    0.07182291895151138,
    0.078125,
    0.08695312589406967,
    0.0905989557504654,
    0.09651041775941849,
    0.10309895873069763,
    0.11135416477918625,
    0.11533854156732559,
    0.1218489557504654,
    0.12921875715255737,
    0.13593749701976776,
    0.14476563036441803,
    0.15020833909511566,
    0.1597135365009308,
    0.16513021290302277,
    0.1739843785762787,
    0.18276041746139526,
    0.1895572990179062,
    0.19757813215255737,
    0.20966145396232605,
    0.212890625,
    0.22028645873069763,
    0.22893229126930237,
    0.23541666567325592,
    0.24210937321186066,
    0.25117188692092896,
    0.2630729079246521,
    0.2701822817325592,
    0.2770833373069763,
    0.2866145968437195,
    0.2899479269981384,
    0.3024218678474426,
    0.3096874952316284,
    0.31638020277023315,
    0.3260156214237213,
    0.3269270956516266,
    0.3407291769981384,
    0.34622395038604736,
    0.35028645396232605,
    0.3538281321525574,
    0.3625781238079071,
    0.3708333373069763,
    0.37328124046325684,
    0.37867188453674316,
    0.3891145884990692,
    0.3930208384990692,
    0.40122395753860474,
    0.40328124165534973,
    0.41619792580604553,
    0.41614583134651184,
    0.42164063453674316,
    0.4279427230358124,
    0.4305729269981384,
    0.4351041615009308,
    0.4410937428474426,
    0.44828125834465027,
    0.4487239718437195,
    0.4570833444595337,
    0.4597395956516266,
    0.46507811546325684,
    0.47143229842185974,
    0.4756770730018616,
    0.47778645157814026
  ],
  "loss": [
    7.861246585845947,
    7.239086151123047,
    6.858574867248535,
    6.486582279205322,
    6.11932373046875,
    5.817017078399658,
    5.573011875152588,
    5.384982109069824,
    5.223695755004883,
    5.095149040222168,
    4.984005928039551,
    4.881310939788818,
    4.782563209533691,
    4.686705112457275,
    4.599251747131348,
    4.525528907775879,
    4.443479537963867,
    4.373375415802002,
    4.2881760597229,
    4.207583427429199,
    4.155707836151123,
    4.090652942657471,
    4.008047580718994,
    3.959073543548584,
    3.9011149406433105,
    3.8310775756835938,
    3.777730703353882,
    3.71681809425354,
    3.6566364765167236,
    3.6063308715820312,
    3.5522818565368652,
    3.5073277950286865,
    3.4486775398254395,
    3.3918938636779785,
    3.35099458694458,
    3.3052165508270264,
    3.2524986267089844,
    3.2152786254882812,
    3.1695332527160645,
    3.127648115158081,
    3.072476625442505,
    3.0475220680236816,
    3.0091989040374756,
    2.9530181884765625,
    2.9030978679656982,
    2.8666579723358154,
    2.828545093536377,
    2.809765338897705,
    2.7659170627593994,
    2.7257840633392334,
    2.6932895183563232,
    2.6602325439453125,
    2.6416890621185303,
    2.591625452041626,
    2.5660886764526367,
    2.5331578254699707,
    2.5043656826019287,
    2.475493907928467,
    2.453291416168213,
    2.429964542388916,
    2.3892650604248047,
    2.362309217453003,
    2.348780632019043,
    2.3176968097686768,
    2.3017780780792236,
    2.253610372543335,
    2.2463219165802,
    2.2307825088500977,
    2.190986156463623,
    2.181483030319214,
    2.166835069656372,
    2.133500337600708,
    2.1099839210510254,
    2.102998971939087,
    2.0774986743927,
    2.061671257019043,
    2.0401923656463623,
    2.0246145725250244,
    2.0056509971618652,
    1.9938846826553345
  ],
  "top5_accuracy": [
    0.001770833390764892,
    0.005052083171904087,
    0.012343750335276127,
    0.024322915822267532,
    0.040442708879709244,
    0.05666666850447655,
    0.07585937529802322,
    0.09195312857627869,
    0.1087760403752327,
    0.12416666746139526,
    0.1393229216337204,
    0.1589583307504654,
    0.1720312535762787,
    0.19031250476837158,
    0.2091406285762787,
    0.22296875715255737,
    0.2402864545583725,
    0.25523436069488525,
    0.27296873927116394,
    0.29354166984558105,
    0.3032812476158142,
    0.3218229115009308,
    0.3413541615009308,
    0.3506510555744171,
    0.3673958480358124,
    0.38393229246139526,
    0.39546874165534973,
    0.4097656309604645,
    0.4251822829246521,
    0.4430989623069763,
    0.4562239646911621,
    0.4683593809604645,
    0.4802604019641876,
    0.5001562237739563,
    0.5105208158493042,
    0.5246875286102295,
    0.5350781083106995,
    0.5454687476158142,
    0.5567448139190674,
    0.5674999952316284,
    0.5817447900772095,
    0.5910677313804626,
    0.5979427099227905,
    0.6111978888511658,
    0.6252864599227905,
    0.6351041793823242,
    0.6453385353088379,
    0.6483333110809326,
    0.6600520610809326,
    0.6716406345367432,
    0.6743489503860474,
    0.6820312738418579,
    0.6897656321525574,
    0.7002343535423279,
    0.705651044845581,
    0.7154427170753479,
    0.7191926836967468,
    0.7254166603088379,
    0.7301041483879089,
    0.7334895730018616,
    0.7419531345367432,
    0.7470052242279053,
    0.7513020634651184,
    0.7559896111488342,
    0.7624739408493042,
    0.7719531059265137,
    0.7719791531562805,
    0.7737760543823242,
    0.7803124785423279,
    0.7835937738418579,
    0.7903385162353516,
    0.7932291626930237,
    0.8000521063804626,
    0.801744818687439,
    0.8054426908493042,
    0.8087499737739563,
    0.8124218583106995,
    0.8148698210716248,
    0.8185937404632568,
    0.8204947710037231
  ],
  "val_accuracy": [
    0.001145833288319409,
    0.0031250000465661287,
    0.007083333563059568,
    0.012812499888241291,
    0.0234375,
    0.024687500670552254,
    0.043958332389593124,
    0.05416666716337204,
    0.05520833283662796,
    0.059062499552965164,
    0.08604166656732559,
    0.09364583343267441,
    0.11187499761581421,
    0.11614583432674408,
    0.1263541728258133,
    0.15406249463558197,
    0.1745833307504654,
    0.18031249940395355,
    0.17468750476837158,
    0.1938541680574417,
    0.21270833909511566,
    0.2199999988079071,
    0.2526041567325592,
    0.2410416603088379,
    0.2747916579246521,
    0.27656251192092896,
    0.2836458384990692,
    0.3086458444595337,
    0.3279166519641876,
    0.3243750035762787,
    0.3414583206176758,
    0.3541666567325592,
    0.3788541555404663,
    0.3864583373069763,
    0.3917708396911621,
    0.3866666555404663,
    0.41218748688697815,
    0.4337500035762787,
    0.4423958361148834,
    0.4417708218097687,
    0.4727083444595337,
    0.45239582657814026,
    0.48781248927116394,
    0.4894791543483734,
    0.5137500166893005,
    0.5062500238418579,
    0.53145831823349,
    0.5398958325386047,
    0.53927081823349,
    0.5332291722297668,
    0.5510416626930237,
    0.5667708516120911,
    0.5895833373069763,
    0.5840625166893005,
    0.6000000238418579,
    0.5987499952316284,
    0.609375,
    0.61739581823349,
    0.6002083420753479,
    0.629687488079071,
    0.6302083134651184,
    0.6449999809265137,
    0.6382291913032532,
    0.643958330154419,
    0.653124988079071,
    0.6411458253860474,
    0.6308333277702332,
    0.6613541841506958,
    0.6771875023841858,
    0.6801041960716248,
    0.6792708039283752,
    0.6708333492279053,
    0.68770831823349,
    0.6964583396911621,
    0.6932291388511658,
    0.6992708444595337,
    0.6992708444595337,
    0.706458330154419,
    0.7164583206176758,
    0.7079166769981384
  ],