label,label_ko,precision,recall,f1,support
weak,약함,0.3,0.08333333333333333,0.13043478260869565,36
normal,보통,0.5555555555555556,0.8771929824561403,0.6802721088435374,57
strong,강함,0.0,0.0,0.0,7
